MAE,R2
2425.7927150518126,0.8774873565552627
