MAE,R2
2724.996826171875,0.8263992262488813
